Alzeri,Joseph,Alzeri@gmail.com
John,Smutts,Smuts@gmail.com
Jim,Vorrel,Vorrel@gmail.com
Mostafa,Miselhy,Mostafa@gmail.com
Smith,Row,Smith@gmail.com
Harry,Maguire,Harry@gmail.com
Harry,Kane,Kane@gmail.com
Lionel,Messi,Messi@gmail.com
Cristiano,Ronaldo,Cristiano@gmail.com
Marcus,Rashford,Marcus@gmail.com
